Employee Number,"Employee Name (Last Suffix, First MI)",Address Line 1 + Address Line 2,"City, State Zip Code (Formatted)",E-mail Address,Home Phone (Formatted),Hire Date,Term Date,Termination Reason,Employment Status,Organization,Division,Department,Job Class,Job Code,Distance (Miles),Annual Salary
41048,"Thornbury, Kendall N.",1677 Nicollet Ct,"Minneapolis, MN 55408",kendall.thornbury48@example.com,(651) 555-0148,2/19/2024,,,Active,Dorsey & Whitney LLP,Legal,Mergers & Acquisitions,Mid-Level Associate (M&A),MLA-732,3.9,269500
41093,"Rutherford, Skyler D.",5304 Grand Blvd,"St. Cloud, MN 56301",skyler.rutherford93@example.com,(763) 555-0193,8/27/2026,,,Active,Dorsey & Whitney LLP,Legal,Legal Recruiting,Summer Associate/Intern.,SUM-226,61.9,43000
41113,"Lindqvist, Tatum F.",4814 France Ln,"Plymouth, MN 55447",tatum.lindqvist113@example.com,(612) 555-0113,1/2/2023,,,Active,Dorsey & Whitney LLP,Legal,Mergers & Acquisitions,Legal Assistant,LAS-706,12.7,59500
41171,"Bergstrom, Elliot K.",5333 Wayzata St,"Minneapolis, MN 55405",elliot.bergstrom171@example.com,(651) 555-0171,3/30/2013,1/12/2026,Another Job,Terminated,Dorsey & Whitney LLP,Legal,Corporate,Legal Assistant,LAS-421,3.8,70000
41003,"Vance, Sawyer D.",4303 France St,"Stillwater, MN 55082",sawyer.vance3@example.com,(612) 555-0103,6/20/2010,,,Active,Dorsey & Whitney LLP,Legal,Mergers & Acquisitions,Partner,PTR-712,26.4,772500
41080,"Whitlock, Finley J.",1099 Penn Ave S,"Minneapolis, MN 55408",finley.whitlock80@example.com,(651) 555-0180,9/11/2024,,,Active,Dorsey & Whitney LLP,Legal,Corporate,Junior Associate (Corporate Law),JRA-489,3.7,221500
41076,"Dahlberg, Casey E.",8223 Wayzata Ct,"Minnetonka, MN 55305",casey.dahlberg76@example.com,(952) 555-0176,12/26/2023,,,Active,Dorsey & Whitney LLP,Legal,Corporate,Junior Associate (Corporate Law),JRA-711,10.7,216000
41062,"Vance, Emerson J.",3417 Cedar Way,"Shakopee, MN 55379",emerson.vance62@example.com,(952) 555-0162,11/18/2022,,,Active,Dorsey & Whitney LLP,Legal,Mergers & Acquisitions,Mid-Level Associate (M&A),MLA-741,22.4,272500
41004,"Halvorsen, Finley E.",6385 Excelsior Way,"Bloomington, MN 55437",finley.halvorsen4@example.com,(952) 555-0104,3/10/2009,,,Active,Dorsey & Whitney LLP,Legal,Corporate,Partner,PTR-769,14.5,933500
41173,"Holloway, Oren M.",1542 Lyndale Ave S,"Minneapolis, MN 55408",oren.holloway173@example.com,(952) 555-0173,5/18/2011,7/11/2026,Family Obligation,Terminated,Dorsey & Whitney LLP,Legal,Business Litigation,Legal Assistant,LAS-778,2.4,66500
41099,"Engstrom, Morgan K.",6323 Penn St,"St. Cloud, MN 56301",morgan.engstrom99@example.com,(952) 555-0199,11/11/2016,,,Active,Dorsey & Whitney LLP,Legal,Business Litigation,Paralegal,PLG-185,60.2,76500
41007,"Rutherford, Avery H.",8909 Penn St,"Edina, MN 55424",avery.rutherford7@example.com,(763) 555-0107,7/28/2020,,,Active,Dorsey & Whitney LLP,Legal,Corporate,Partner,PTR-539,8,672000
41052,"Pembrook, Sloane T.",5552 Wayzata Ln,"Minneapolis, MN 55403",sloane.pembrook52@example.com,(952) 555-0152,3/29/2022,,,Active,Dorsey & Whitney LLP,Legal,Mergers & Acquisitions,Mid-Level Associate (M&A),MLA-384,3.8,250000
41134,"Thornbury, Jules J.",6601 Lake Blvd,"Stillwater, MN 55082",jules.thornbury134@example.com,(612) 555-0134,3/6/2024,,,Active,Dorsey & Whitney LLP,Business Services,Information Services,Information Services,INS-867,24.9,126000
41049,"Dahlberg, Cameron P.",7579 Summit Ct,"St. Cloud, MN 56301",cameron.dahlberg49@example.com,(612) 555-0149,11/9/2023,,,Active,Dorsey & Whitney LLP,Legal,Mergers & Acquisitions,Mid-Level Associate (M&A),MLA-674,58.7,250500
41158,"Nygaard, Paxton R.",252 Cedar Ave S,"Elk River, MN 55330",paxton.nygaard158@example.com,(651) 555-0158,3/9/2023,9/20/2026,Relocation,Terminated,Dorsey & Whitney LLP,Legal,Mergers & Acquisitions,Mid-Level Associate (M&A),MLA-786,31.6,289000
41016,"Quimby, Harper T.",672 Minnehaha Ct,"Minnetonka, MN 55305",harper.quimby16@example.com,(651) 555-0116,3/28/2018,,,Active,Dorsey & Whitney LLP,Legal,Corporate,Partner,PTR-663,10.2,698000
41065,"Kingsley, Greer M.",7877 Lake Ct,"Lakeville, MN 55044",greer.kingsley65@example.com,(952) 555-0165,2/15/2023,,,Active,Dorsey & Whitney LLP,Legal,Mergers & Acquisitions,Mid-Level Associate (M&A),MLA-455,24,248500
41166,"Whitlock, Sloane E.",3387 Cedar Blvd,"Minnetonka, MN 55305",sloane.whitlock166@example.com,(952) 555-0166,7/20/2014,6/10/2026,Lateral Move to Another Firm,Terminated,Dorsey & Whitney LLP,Legal,Business Litigation,Partner,PTR-363,10.5,738000
41086,"Ashford, Kendall R.",2278 Lake Ln,"Edina, MN 55424",kendall.ashford86@example.com,(612) 555-0186,10/26/2025,,,Active,Dorsey & Whitney LLP,Legal,Corporate,Junior Associate (Corporate Law),JRA-372,6.2,224500
41023,"Bellamy, Morgan F.",3617 Excelsior St,"Edina, MN 55424",morgan.bellamy23@example.com,(612) 555-0123,8/14/2020,,,Active,Dorsey & Whitney LLP,Legal,Business Litigation,Partner,PTR-825,8.3,866000
41070,"Northcott, Reese T.",7989 Nicollet Ave S,"Maple Grove, MN 55369",reese.northcott70@example.com,(763) 555-0170,12/19/2025,,,Active,Dorsey & Whitney LLP,Legal,Corporate,Junior Associate (Corporate Law),JRA-342,17,214500
41067,"Almquist, Remy P.",3112 Lyndale Ct,"Minnetonka, MN 55305",remy.almquist67@example.com,(763) 555-0167,5/10/2023,,,Active,Dorsey & Whitney LLP,Legal,Mergers & Acquisitions,Mid-Level Associate (M&A),MLA-717,9,264500
41071,"Underhill, Logan W.",6412 France Ct,"Faribault, MN 55021",logan.underhill71@example.com,(612) 555-0171,3/14/2026,,,Active,Dorsey & Whitney LLP,Legal,Corporate,Junior Associate (Corporate Law),JRA-126,48,223000
41157,"Yardley, Kai P.",5120 Nicollet Way,"Woodbury, MN 55125",kai.yardley157@example.com,(952) 555-0157,12/29/2022,9/12/2026,Lateral Move to Another Firm,Terminated,Dorsey & Whitney LLP,Legal,Mergers & Acquisitions,Mid-Level Associate (M&A),MLA-826,20.3,246000
41177,"Dunmore, Hayden S.",8189 Cedar Way,"Eden Prairie, MN 55344",hayden.dunmore177@example.com,(651) 555-0177,6/22/2019,2/18/2026,Another Job,Terminated,Dorsey & Whitney LLP,Business Services,Information Services,Information Services,INS-647,16.9,126000
41083,"Lockhart, Avery M.",2045 Lyndale Ave S,"St. Paul, MN 55105",avery.lockhart83@example.com,(612) 555-0183,9/7/2025,,,Active,Dorsey & Whitney LLP,Legal,Corporate,Junior Associate (Corporate Law),JRA-671,9.8,216000
41161,"Thornbury, Parker W.",1919 Excelsior Ln,"Minnetonka, MN 55305",parker.thornbury161@example.com,(612) 555-0161,7/7/2021,11/24/2025,Personal Reasons,Terminated,Dorsey & Whitney LLP,Legal,Mergers & Acquisitions,Mid-Level Associate (M&A),MLA-753,10.9,290000
41126,"Engstrom, Hollis A.",2459 France Way,"Blaine, MN 55449",hollis.engstrom126@example.com,(612) 555-0126,3/19/2021,,,Active,Dorsey & Whitney LLP,Legal,Corporate,Legal Assistant,LAS-554,19.4,65000
41015,"Jessup, Riley S.",9531 Nicollet Ct,"Roseville, MN 55113",riley.jessup15@example.com,(651) 555-0115,9/4/2007,,,Active,Dorsey & Whitney LLP,Legal,Corporate,Partner,PTR-487,10.6,833500
41163,"Bellamy, Cameron B.",5678 Valley View Way,"Minneapolis, MN 55405",cameron.bellamy163@example.com,(651) 555-0163,4/29/2020,2/19/2026,Another Job,Terminated,Dorsey & Whitney LLP,Legal,Business Litigation,Senior Associate (Business Litigation),SRA-794,0.8,334500
41100,"Carrow, Emerson L.",2136 Cedar Ct,"Plymouth, MN 55447",emerson.carrow100@example.com,(763) 555-0100,10/20/2024,,,Active,Dorsey & Whitney LLP,Legal,Business Litigation,Paralegal,PLG-784,15.1,80000
41032,"Ashford, Reese R.",2231 Hennepin Way,"Minneapolis, MN 55414",reese.ashford32@example.com,(651) 555-0132,2/23/2019,,,Active,Dorsey & Whitney LLP,Legal,Business Litigation,Senior Associate (Business Litigation),SRA-814,4.9,345500
41168,"Ellison, Harper G.",8123 Cedar Way,"Lakeville, MN 55044",harper.ellison168@example.com,(952) 555-0168,3/27/2022,9/5/2026,Resigned,Terminated,Dorsey & Whitney LLP,Legal,Mergers & Acquisitions,Paralegal,PLG-456,24.6,92000
41013,"Engstrom, Marlowe P.",7899 Summit Ct,"Edina, MN 55424",marlowe.engstrom13@example.com,(952) 555-0113,10/10/2004,,,Active,Dorsey & Whitney LLP,Legal,Corporate,Partner,PTR-179,6.6,694500
41053,"Whitlock, Riley W.",600 France Ln,"Minneapolis, MN 55405",riley.whitlock53@example.com,(651) 555-0153,3/9/2022,,,Active,Dorsey & Whitney LLP,Legal,Mergers & Acquisitions,Mid-Level Associate (M&A),MLA-141,3.5,251500
41159,"Fairbanks, Avery S.",2622 Valley View Blvd,"Bloomington, MN 55437",avery.fairbanks159@example.com,(952) 555-0159,12/2/2022,8/20/2026,Another Job,Terminated,Dorsey & Whitney LLP,Legal,Mergers & Acquisitions,Mid-Level Associate (M&A),MLA-226,11.9,275500
41152,"Underhill, Casey J.",569 Cedar Ave S,"Roseville, MN 55113",casey.underhill152@example.com,(612) 555-0152,11/17/2024,3/23/2026,Personal Reasons,Terminated,Dorsey & Whitney LLP,Legal,Corporate,Junior Associate (Corporate Law),JRA-680,7.4,223500
41005,"Dunmore, Kai F.",9064 Nicollet Ave S,"Stillwater, MN 55082",kai.dunmore5@example.com,(651) 555-0105,5/6/2004,,,Active,Dorsey & Whitney LLP,Legal,Mergers & Acquisitions,Partner,PTR-207,24.8,793000
41143,"Stanwick, Remy W.",2997 Cedar St,"Shakopee, MN 55379",remy.stanwick143@example.com,(763) 555-0143,4/3/2017,,,Active,Dorsey & Whitney LLP,Business Services,Administration,"Administrative ",ADM-678,22.5,58000
41118,"Dunmore, Finley L.",4542 Cedar Ln,"Minnetonka, MN 55305",finley.dunmore118@example.com,(763) 555-0118,4/12/2014,,,Active,Dorsey & Whitney LLP,Legal,Corporate,Legal Assistant,LAS-498,11.6,58500
41131,"Nygaard, Skyler F.",5414 Excelsior Way,"St. Cloud, MN 56301",skyler.nygaard131@example.com,(763) 555-0131,10/26/2025,,,Active,Dorsey & Whitney LLP,Business Services,Information Services,Information Services,INS-381,58.6,94000
41160,"Merriweather, Taylor T.",3883 Como Way,"Maple Grove, MN 55369",taylor.merriweather160@example.com,(612) 555-0160,8/4/2022,11/29/2025,Resigned,Terminated,Dorsey & Whitney LLP,Legal,Mergers & Acquisitions,Mid-Level Associate (M&A),MLA-140,13.5,254500
41039,"Underhill, Rowan D.",7715 Summit Blvd,"Elk River, MN 55330",rowan.underhill39@example.com,(651) 555-0139,8/26/2019,,,Active,Dorsey & Whitney LLP,Legal,Business Litigation,Senior Associate (Business Litigation),SRA-550,32.6,341000
41036,"Halvorsen, Noel A.",4120 Como Way,"Maple Grove, MN 55369",noel.halvorsen36@example.com,(612) 555-0136,11/28/2018,,,Active,Dorsey & Whitney LLP,Legal,Business Litigation,Senior Associate (Business Litigation),SRA-702,14.4,349000
41017,"Yardley, Skyler W.",3337 Lyndale St,"Minnetonka, MN 55305",skyler.yardley17@example.com,(612) 555-0117,11/15/2010,,,Active,Dorsey & Whitney LLP,Legal,Corporate,Partner,PTR-667,13.4,915500
41144,"Bergstrom, Jordan A.",8085 Penn Ct,"Hudson, WI 54016",jordan.bergstrom144@example.com,(715) 555-0144,2/22/2020,,,Active,Dorsey & Whitney LLP,Business Services,Administration,"Administrative ",ADM-730,27.9,47500
41072,"Engstrom, Drew A.",4252 Grand St,"Edina, MN 55424",drew.engstrom72@example.com,(651) 555-0172,4/18/2026,,,Active,Dorsey & Whitney LLP,Legal,Corporate,Junior Associate (Corporate Law),JRA-611,6.3,223000
41138,"Pembrook, Emerson N.",2498 Summit Ave S,"Minnetonka, MN 55305",emerson.pembrook138@example.com,(612) 555-0138,7/16/2016,,,Active,Dorsey & Whitney LLP,Business Services,Administration,"Administrative ",ADM-122,11.4,50500
41040,"Engstrom, Dakota E.",9013 France Ave S,"Elk River, MN 55330",dakota.engstrom40@example.com,(763) 555-0140,6/9/2021,,,Active,Dorsey & Whitney LLP,Legal,Business Litigation,Senior Associate (Business Litigation),SRA-430,32.8,360000
41164,"Iverson, Hollis C.",4648 Lake St,"Minneapolis, MN 55403",hollis.iverson164@example.com,(612) 555-0164,9/9/2019,4/19/2026,Resigned,Terminated,Dorsey & Whitney LLP,Legal,Business Litigation,Senior Associate (Business Litigation),SRA-309,0.6,324000
41027,"Lindqvist, Greer K.",3341 Como Way,"Blaine, MN 55449",greer.lindqvist27@example.com,(952) 555-0127,3/18/2020,,,Active,Dorsey & Whitney LLP,Legal,Business Litigation,Partner,PTR-187,18.8,736500
41061,"Oakley, Morgan H.",1332 France Ct,"Woodbury, MN 55125",morgan.oakley61@example.com,(651) 555-0161,9/30/2022,,,Active,Dorsey & Whitney LLP,Legal,Mergers & Acquisitions,Mid-Level Associate (M&A),MLA-148,20,246000
41128,"Jessup, Sloane C.",6679 Cedar Blvd,"Northfield, MN 55057",sloane.jessup128@example.com,(651) 555-0128,5/11/2019,,,Active,Dorsey & Whitney LLP,Legal,Business Litigation,Legal Assistant,LAS-664,38.6,67500
41112,"Whitlock, Noel E.",7362 Minnehaha Way,"Edina, MN 55424",noel.whitlock112@example.com,(651) 555-0112,1/25/2021,,,Active,Dorsey & Whitney LLP,Legal,Business Litigation,Legal Assistant,LAS-328,9.3,72000
41156,"Quimby, Finley N.",3958 Minnehaha Ave S,"Stillwater, MN 55082",finley.quimby156@example.com,(612) 555-0156,9/26/2025,7/28/2026,Another Job,Terminated,Dorsey & Whitney LLP,Legal,Corporate,Junior Associate (Corporate Law),JRA-312,26.1,210500
41091,"Dunmore, Riley B.",2882 Hennepin Way,"Bloomington, MN 55437",riley.dunmore91@example.com,(651) 555-0191,9/3/2026,,,Active,Dorsey & Whitney LLP,Legal,Legal Recruiting,Summer Associate/Intern.,SUM-221,14.6,44500
41122,"Sorensen, Taylor R.",2548 Cedar Blvd,"Maple Grove, MN 55369",taylor.sorensen122@example.com,(763) 555-0122,11/22/2011,,,Active,Dorsey & Whitney LLP,Legal,Business Litigation,Legal Assistant,LAS-434,16.9,63500
41179,"Rutherford, Greer W.",243 Lake Ct,"St. Cloud, MN 56301",greer.rutherford179@example.com,(612) 555-0179,6/3/2015,11/26/2025,Another Job,Terminated,Dorsey & Whitney LLP,Business Services,Administration,"Administrative ",ADM-553,60.1,48500
41125,"Underhill, Cameron W.",4450 Penn Blvd,"Minneapolis, MN 55405",cameron.underhill125@example.com,(651) 555-0125,3/29/2019,,,Active,Dorsey & Whitney LLP,Legal,Mergers & Acquisitions,Legal Assistant,LAS-223,4.2,54500
41079,"Pembrook, Sawyer H.",1910 Cedar Ct,"Maple Grove, MN 55369",sawyer.pembrook79@example.com,(763) 555-0179,12/27/2024,,,Active,Dorsey & Whitney LLP,Legal,Corporate,Junior Associate (Corporate Law),JRA-565,16.8,221500
41063,"Halvorsen, Hayden K.",7970 Penn Ct,"Lakeville, MN 55044",hayden.halvorsen63@example.com,(952) 555-0163,12/13/2021,,,Active,Dorsey & Whitney LLP,Legal,Mergers & Acquisitions,Mid-Level Associate (M&A),MLA-637,25.8,269000
41153,"Engstrom, Rowan K.",4257 Summit St,"Elk River, MN 55330",rowan.engstrom153@example.com,(763) 555-0153,11/15/2025,3/6/2026,Family Obligation,Terminated,Dorsey & Whitney LLP,Legal,Corporate,Junior Associate (Corporate Law),JRA-582,31.8,224500
41085,"Bergstrom, Parker P.",2314 Hennepin Ln,"Minneapolis, MN 55405",parker.bergstrom85@example.com,(763) 555-0185,9/8/2024,,,Active,Dorsey & Whitney LLP,Legal,Corporate,Junior Associate (Corporate Law),JRA-636,3.3,228000
41139,"Whitlock, Hayden P.",2687 Wayzata Way,"Minneapolis, MN 55414",hayden.whitlock139@example.com,(612) 555-0139,7/17/2018,,,Active,Dorsey & Whitney LLP,Business Services,Administration,"Administrative ",ADM-587,4.9,61500
41019,"Fairbanks, Elliot B.",4444 Valley View Way,"Bloomington, MN 55437",elliot.fairbanks19@example.com,(612) 555-0119,7/17/2004,,,Active,Dorsey & Whitney LLP,Legal,Mergers & Acquisitions,Partner,PTR-811,11.5,738000
41006,"Kingsley, Paxton G.",5580 Como Ave S,"Bloomington, MN 55437",paxton.kingsley6@example.com,(763) 555-0106,3/29/2019,,,Active,Dorsey & Whitney LLP,Legal,Business Litigation,Partner,PTR-344,10.6,715500
41167,"Lindqvist, Riley F.",262 Lake Way,"Minneapolis, MN 55414",riley.lindqvist167@example.com,(952) 555-0167,8/19/2017,3/30/2026,Lateral Move to Another Firm,Terminated,Dorsey & Whitney LLP,Legal,Mergers & Acquisitions,Partner,PTR-823,0.9,833000
41081,"Lindqvist, Kai K.",8459 France Way,"Lakeville, MN 55044",kai.lindqvist81@example.com,(651) 555-0181,4/24/2024,,,Active,Dorsey & Whitney LLP,Legal,Corporate,Junior Associate (Corporate Law),JRA-270,22.8,223000
41155,"Jessup, Sawyer M.",9769 Minnehaha Blvd,"Minneapolis, MN 55405",sawyer.jessup155@example.com,(952) 555-0155,4/13/2025,7/17/2026,Another Job,Terminated,Dorsey & Whitney LLP,Legal,Corporate,Junior Associate (Corporate Law),JRA-513,4.1,229500
41162,"Dahlberg, Kendall A.",1096 Cedar Ct,"Minneapolis, MN 55414",kendall.dahlberg162@example.com,(651) 555-0162,4/19/2021,12/20/2025,Another Job,Terminated,Dorsey & Whitney LLP,Legal,Mergers & Acquisitions,Mid-Level Associate (M&A),MLA-381,3.5,278000
41055,"Ellison, Skyler B.",1741 Nicollet Blvd,"Plymouth, MN 55447",skyler.ellison55@example.com,(952) 555-0155,7/11/2023,,,Active,Dorsey & Whitney LLP,Legal,Mergers & Acquisitions,Mid-Level Associate (M&A),MLA-498,14.4,278000
41057,"Stanwick, Elliot D.",4755 Summit Blvd,"Lakeville, MN 55044",elliot.stanwick57@example.com,(612) 555-0157,6/20/2022,,,Active,Dorsey & Whitney LLP,Legal,Mergers & Acquisitions,Mid-Level Associate (M&A),MLA-374,22.8,256500
41021,"Thornbury, Oren D.",3843 Excelsior Blvd,"Minnetonka, MN 55305",oren.thornbury21@example.com,(651) 555-0121,1/27/2013,,,Active,Dorsey & Whitney LLP,Legal,Mergers & Acquisitions,Partner,PTR-652,9.7,693000
41103,"Yardley, Greer P.",4689 Excelsior Blvd,"Minneapolis, MN 55403",greer.yardley103@example.com,(952) 555-0103,2/24/2017,,,Active,Dorsey & Whitney LLP,Legal,Mergers & Acquisitions,Paralegal,PLG-296,1,86500
41050,"Bellamy, Hollis R.",3573 Valley View Blvd,"Eden Prairie, MN 55344",hollis.bellamy50@example.com,(651) 555-0150,8/21/2023,,,Active,Dorsey & Whitney LLP,Legal,Mergers & Acquisitions,Mid-Level Associate (M&A),MLA-528,14.8,245500
41043,"Quimby, Kai H.",376 France Blvd,"Woodbury, MN 55125",kai.quimby43@example.com,(612) 555-0143,11/17/2020,,,Active,Dorsey & Whitney LLP,Legal,Business Litigation,Senior Associate (Business Litigation),SRA-170,20.2,334500
41059,"Ashford, Oren F.",7138 Valley View Blvd,"Woodbury, MN 55125",oren.ashford59@example.com,(612) 555-0159,11/29/2023,,,Active,Dorsey & Whitney LLP,Legal,Mergers & Acquisitions,Mid-Level Associate (M&A),MLA-397,18.1,249500
41181,"Sorensen, Remy B.",1808 Grand Way,"Lakeville, MN 55044",remy.sorensen181@example.com,(952) 555-0181,2/13/2026,3/19/2026,End Of Temp Employment,Terminated,Dorsey & Whitney LLP,Legal,Legal Recruiting,Summer Associate/Intern.,SUM-821,22.6,43500
41033,"Holloway, Logan S.",5851 France Way,"Plymouth, MN 55447",logan.holloway33@example.com,(612) 555-0133,11/6/2018,,,Active,Dorsey & Whitney LLP,Legal,Business Litigation,Senior Associate (Business Litigation),SRA-556,12.1,316000
41010,"Garrity, Kendall L.",563 Nicollet Ave S,"Edina, MN 55424",kendall.garrity10@example.com,(763) 555-0110,5/2/2013,,,Active,Dorsey & Whitney LLP,Legal,Mergers & Acquisitions,Partner,PTR-152,6.4,724000
41104,"Nygaard, Lane R.",7821 Como Ave S,"St. Cloud, MN 56301",lane.nygaard104@example.com,(651) 555-0104,4/17/2023,,,Active,Dorsey & Whitney LLP,Legal,Mergers & Acquisitions,Paralegal,PLG-868,59.1,70000
41060,"Holloway, Wren G.",1245 Lake Way,"Plymouth, MN 55447",wren.holloway60@example.com,(763) 555-0160,2/1/2023,,,Active,Dorsey & Whitney LLP,Legal,Mergers & Acquisitions,Mid-Level Associate (M&A),MLA-794,11.9,273000
41041,"Carrow, Sawyer F.",8219 Grand Way,"Lakeville, MN 55044",sawyer.carrow41@example.com,(952) 555-0141,6/1/2021,,,Active,Dorsey & Whitney LLP,Legal,Business Litigation,Senior Associate (Business Litigation),SRA-284,22.5,308000
41090,"Halvorsen, Sloane A.",3606 Summit St,"Lakeville, MN 55044",sloane.halvorsen90@example.com,(952) 555-0190,8/21/2026,,,Active,Dorsey & Whitney LLP,Legal,Legal Recruiting,Summer Associate/Intern.,SUM-426,24.9,47000
41169,"Lockhart, Skyler H.",9263 Hennepin St,"Minneapolis, MN 55403",skyler.lockhart169@example.com,(612) 555-0169,3/27/2022,11/15/2025,Lateral Move to Another Firm,Terminated,Dorsey & Whitney LLP,Legal,Business Litigation,Paralegal,PLG-789,1.5,70500
41123,"Garrity, Parker S.",4077 Grand St,"Maple Grove, MN 55369",parker.garrity123@example.com,(651) 555-0123,7/25/2022,,,Active,Dorsey & Whitney LLP,Legal,Business Litigation,Legal Assistant,LAS-168,13.9,71000
41044,"Yardley, Paxton J.",7652 Lake Ln,"Elk River, MN 55330",paxton.yardley44@example.com,(763) 555-0144,12/2/2018,,,Active,Dorsey & Whitney LLP,Legal,Business Litigation,Senior Associate (Business Litigation),SRA-183,32.9,300500
41116,"Vance, Dakota J.",4063 Grand St,"St. Cloud, MN 56301",dakota.vance116@example.com,(763) 555-0116,11/13/2022,,,Active,Dorsey & Whitney LLP,Legal,Corporate,Legal Assistant,LAS-238,62.4,61000
41174,"Oakley, Wren N.",8541 Valley View Ln,"Bloomington, MN 55437",wren.oakley174@example.com,(952) 555-0174,3/24/2014,1/10/2026,Lateral Move to Another Firm,Terminated,Dorsey & Whitney LLP,Legal,Business Litigation,Legal Assistant,LAS-842,14.4,65000
41182,"Garrity, Jordan C.",5306 Minnehaha Ln,"Lakeville, MN 55044",jordan.garrity182@example.com,(763) 555-0182,5/18/2026,9/7/2026,End Of Temp Employment,Terminated,Dorsey & Whitney LLP,Legal,Legal Recruiting,Summer Associate/Intern.,SUM-761,25,47000
41096,"Garrity, Jules G.",3153 Lake Blvd,"Faribault, MN 55021",jules.garrity96@example.com,(763) 555-0196,2/1/2017,,,Active,Dorsey & Whitney LLP,Legal,Corporate,Paralegal,PLG-179,48.8,87000
41078,"Iverson, Dakota G.",6962 Grand Way,"Eden Prairie, MN 55344",dakota.iverson78@example.com,(763) 555-0178,3/20/2025,,,Active,Dorsey & Whitney LLP,Legal,Corporate,Junior Associate (Corporate Law),JRA-791,16.4,209500
41151,"Kingsley, Tatum H.",3064 Lyndale St,"Bloomington, MN 55437",tatum.kingsley151@example.com,(612) 555-0151,6/29/2025,6/24/2026,Lateral Move to Another Firm,Terminated,Dorsey & Whitney LLP,Legal,Corporate,Junior Associate (Corporate Law),JRA-154,12,222500
41121,"Almquist, Avery P.",8138 Nicollet Blvd,"Woodbury, MN 55125",avery.almquist121@example.com,(612) 555-0121,7/30/2020,,,Active,Dorsey & Whitney LLP,Legal,Mergers & Acquisitions,Legal Assistant,LAS-207,17.8,56000
41022,"Dahlberg, Wren E.",848 France Ct,"St. Paul, MN 55105",wren.dahlberg22@example.com,(763) 555-0122,1/23/2014,,,Active,Dorsey & Whitney LLP,Legal,Mergers & Acquisitions,Partner,PTR-170,10.4,843000
41154,"Carrow, Dakota L.",6492 Lake St,"Edina, MN 55424",dakota.carrow154@example.com,(651) 555-0154,9/8/2025,6/10/2026,Lateral Move to Another Firm,Terminated,Dorsey & Whitney LLP,Legal,Corporate,Junior Associate (Corporate Law),JRA-791,8.7,209000
41180,"Almquist, Lane A.",3789 Lake St,"Lakeville, MN 55044",lane.almquist180@example.com,(612) 555-0180,8/15/2015,4/25/2026,Personal Reasons,Terminated,Dorsey & Whitney LLP,Business Services,Administration,"Administrative ",ADM-844,25.8,51000
41011,"Northcott, Cameron M.",4379 Grand Way,"Edina, MN 55424",cameron.northcott11@example.com,(651) 555-0111,3/18/2006,,,Active,Dorsey & Whitney LLP,Legal,Corporate,Partner,PTR-698,5.8,867000
41102,"Quimby, Blake N.",6256 Excelsior Ct,"Roseville, MN 55113",blake.quimby102@example.com,(763) 555-0102,7/8/2019,,,Active,Dorsey & Whitney LLP,Legal,Business Litigation,Paralegal,PLG-761,7.2,81500
41077,"Bellamy, Rowan F.",965 Summit Ct,"Northfield, MN 55057",rowan.bellamy77@example.com,(612) 555-0177,7/4/2025,,,Active,Dorsey & Whitney LLP,Legal,Corporate,Junior Associate (Corporate Law),JRA-800,38.7,210000
41031,"Bergstrom, Quinn P.",3984 Cedar Ct,"Edina, MN 55424",quinn.bergstrom31@example.com,(952) 555-0131,5/5/2020,,,Active,Dorsey & Whitney LLP,Legal,Business Litigation,Senior Associate (Business Litigation),SRA-511,8.1,318500
41075,"Quimby, Tatum D.",9009 Valley View Ln,"Bloomington, MN 55437",tatum.quimby75@example.com,(612) 555-0175,11/8/2024,,,Active,Dorsey & Whitney LLP,Legal,Corporate,Junior Associate (Corporate Law),JRA-313,11,226000
41106,"Merriweather, Jordan T.",2479 France Ave S,"Blaine, MN 55449",jordan.merriweather106@example.com,(763) 555-0106,11/28/2020,,,Active,Dorsey & Whitney LLP,Legal,Mergers & Acquisitions,Paralegal,PLG-714,15.5,72000
41095,"Sorensen, Elliot F.",1632 Valley View Blvd,"Maple Grove, MN 55369",elliot.sorensen95@example.com,(651) 555-0195,9/14/2026,,,Active,Dorsey & Whitney LLP,Legal,Legal Recruiting,Summer Associate/Intern.,SUM-530,17.7,47500
41018,"Nygaard, Peyton A.",9732 Como Way,"Minneapolis, MN 55414",peyton.nygaard18@example.com,(763) 555-0118,2/16/2016,,,Active,Dorsey & Whitney LLP,Legal,Business Litigation,Partner,PTR-353,2.2,814500
41066,"Rutherford, Lane N.",1588 Penn Way,"Plymouth, MN 55447",lane.rutherford66@example.com,(952) 555-0166,4/23/2023,,,Active,Dorsey & Whitney LLP,Legal,Mergers & Acquisitions,Mid-Level Associate (M&A),MLA-270,14.9,277500
41084,"Stanwick, Taylor N.",5647 Valley View Blvd,"Rochester, MN 55901",taylor.stanwick84@example.com,(612) 555-0184,5/10/2024,,,Active,Dorsey & Whitney LLP,Legal,Corporate,Junior Associate (Corporate Law),JRA-370,77.3,209500
41114,"Holloway, Casey G.",6068 Grand Ave S,"Edina, MN 55424",casey.holloway114@example.com,(763) 555-0114,1/15/2018,,,Active,Dorsey & Whitney LLP,Legal,Mergers & Acquisitions,Legal Assistant,LAS-680,6.5,58000
41178,"Kingsley, Blake T.",2912 Valley View Ave S,"Woodbury, MN 55125",blake.kingsley178@example.com,(952) 555-0178,1/4/2017,1/30/2026,Relocation,Terminated,Dorsey & Whitney LLP,Business Services,Administration,"Administrative ",ADM-500,18.2,55500
41115,"Oakley, Rowan H.",4766 Penn Ave S,"Plymouth, MN 55447",rowan.oakley115@example.com,(763) 555-0115,6/30/2016,,,Active,Dorsey & Whitney LLP,Legal,Business Litigation,Legal Assistant,LAS-843,13,66500
41175,"Vance, Morgan P.",6854 Lake Ct,"Maple Grove, MN 55369",morgan.vance175@example.com,(651) 555-0175,5/19/2023,3/18/2026,Another Job,Terminated,Dorsey & Whitney LLP,Legal,Corporate,Legal Assistant,LAS-164,14.2,59000
41119,"Kingsley, Kai M.",4424 Summit Way,"Lakeville, MN 55044",kai.kingsley119@example.com,(952) 555-0119,7/25/2018,,,Active,Dorsey & Whitney LLP,Legal,Business Litigation,Legal Assistant,LAS-671,24.4,67000
41087,"Holloway, Cameron S.",520 Excelsior Ln,"Hudson, WI 54016",cameron.holloway87@example.com,(715) 555-0187,5/25/2026,,,Active,Dorsey & Whitney LLP,Legal,Corporate,Junior Associate (Corporate Law),JRA-318,31.5,227000
41092,"Kingsley, Harper C.",899 France Ave S,"Plymouth, MN 55447",harper.kingsley92@example.com,(952) 555-0192,9/8/2026,,,Active,Dorsey & Whitney LLP,Legal,Legal Recruiting,Summer Associate/Intern.,SUM-600,12.9,44000
41141,"Ellison, Greer S.",1413 Grand Blvd,"Plymouth, MN 55447",greer.ellison141@example.com,(763) 555-0141,6/15/2024,,,Active,Dorsey & Whitney LLP,Business Services,Administration,"Administrative ",ADM-277,14.9,54000
41133,"Merriweather, Elliot H.",6981 Minnehaha Blvd,"Roseville, MN 55113",elliot.merriweather133@example.com,(763) 555-0133,3/10/2016,,,Active,Dorsey & Whitney LLP,Business Services,Information Services,Information Services,INS-721,8.4,113500
41025,"Pembrook, Hayden H.",6783 Grand St,"Maple Grove, MN 55369",hayden.pembrook25@example.com,(612) 555-0125,10/27/2009,,,Active,Dorsey & Whitney LLP,Legal,Corporate,Partner,PTR-223,17,907000
41101,"Jessup, Hayden M.",4765 Wayzata Blvd,"Faribault, MN 55021",hayden.jessup101@example.com,(612) 555-0101,6/4/2018,,,Active,Dorsey & Whitney LLP,Legal,Corporate,Paralegal,PLG-312,46.9,69000
41148,"Vance, Drew E.",669 Lyndale Ln,"Stillwater, MN 55082",drew.vance148@example.com,(651) 555-0148,12/1/2018,,,Active,Dorsey & Whitney LLP,Business Services,Administration,"Administrative ",ADM-224,24.6,60500
41058,"Bergstrom, Jules E.",9213 Penn St,"Blaine, MN 55449",jules.bergstrom58@example.com,(763) 555-0158,1/17/2022,,,Active,Dorsey & Whitney LLP,Legal,Mergers & Acquisitions,Mid-Level Associate (M&A),MLA-457,16.3,250000
41165,"Pembrook, Marlowe D.",175 Valley View Ct,"Minneapolis, MN 55403",marlowe.pembrook165@example.com,(651) 555-0165,2/18/2019,2/8/2026,Another Job,Terminated,Dorsey & Whitney LLP,Legal,Business Litigation,Senior Associate (Business Litigation),SRA-540,0.6,333000
41034,"Oakley, Drew T.",944 Lake Ave S,"Plymouth, MN 55447",drew.oakley34@example.com,(952) 555-0134,10/7/2020,,,Active,Dorsey & Whitney LLP,Legal,Business Litigation,Senior Associate (Business Litigation),SRA-431,13,347500
41035,"Vance, Indra W.",307 Grand Ln,"Plymouth, MN 55447",indra.vance35@example.com,(651) 555-0135,1/8/2021,,,Active,Dorsey & Whitney LLP,Legal,Business Litigation,Senior Associate (Business Litigation),SRA-468,14.5,324000
41172,"Ashford, Jules L.",8372 Como Blvd,"Shakopee, MN 55379",jules.ashford172@example.com,(612) 555-0172,6/16/2012,12/7/2025,Resigned,Terminated,Dorsey & Whitney LLP,Legal,Business Litigation,Legal Assistant,LAS-191,23.1,62500
41047,"Merriweather, Parker M.",568 Summit Ln,"Blaine, MN 55449",parker.merriweather47@example.com,(763) 555-0147,12/8/2019,,,Active,Dorsey & Whitney LLP,Legal,Business Litigation,Senior Associate (Business Litigation),SRA-878,19.1,363000
41094,"Almquist, Peyton E.",1909 Hennepin St,"Shakopee, MN 55379",peyton.almquist94@example.com,(612) 555-0194,8/25/2026,,,Active,Dorsey & Whitney LLP,Legal,Legal Recruiting,Summer Associate/Intern.,SUM-518,20,43000
41054,"Lindqvist, Harper A.",2777 Minnehaha St,"Red Wing, MN 55066",harper.lindqvist54@example.com,(612) 555-0154,1/30/2024,,,Active,Dorsey & Whitney LLP,Legal,Mergers & Acquisitions,Mid-Level Associate (M&A),MLA-294,42.4,268000
41170,"Stanwick, Peyton J.",4121 Hennepin Ct,"Minneapolis, MN 55403",peyton.stanwick170@example.com,(612) 555-0170,5/18/2014,2/25/2026,Another Job,Terminated,Dorsey & Whitney LLP,Legal,Corporate,Paralegal,PLG-822,2.4,82500
41026,"Whitlock, Blake J.",6310 Excelsior Way,"Woodbury, MN 55125",blake.whitlock26@example.com,(952) 555-0126,3/10/2008,,,Active,Dorsey & Whitney LLP,Legal,Mergers & Acquisitions,Partner,PTR-778,18.8,656500
41074,"Jessup, Noel C.",3978 Lake St,"Elk River, MN 55330",noel.jessup74@example.com,(651) 555-0174,1/9/2026,,,Active,Dorsey & Whitney LLP,Legal,Corporate,Junior Associate (Corporate Law),JRA-635,35.9,219000
41145,"Ashford, Quinn B.",8834 Lake Way,"Red Wing, MN 55066",quinn.ashford145@example.com,(651) 555-0145,6/10/2020,,,Active,Dorsey & Whitney LLP,Business Services,Administration,"Administrative ",ADM-412,45.7,51500
41014,"Carrow, Sloane R.",3397 Excelsior St,"Woodbury, MN 55125",sloane.carrow14@example.com,(612) 555-0114,7/5/2003,,,Active,Dorsey & Whitney LLP,Legal,Mergers & Acquisitions,Partner,PTR-848,17.2,816500
41111,"Pembrook, Indra D.",6609 Minnehaha Blvd,"Roseville, MN 55113",indra.pembrook111@example.com,(651) 555-0111,11/2/2021,,,Active,Dorsey & Whitney LLP,Legal,Business Litigation,Paralegal,PLG-715,9.2,74500
41069,"Garrity, Quinn S.",9413 Lyndale Ave S,"Woodbury, MN 55125",quinn.garrity69@example.com,(612) 555-0169,1/2/2025,,,Active,Dorsey & Whitney LLP,Legal,Corporate,Junior Associate (Corporate Law),JRA-314,16.3,230000
41107,"Thornbury, Quinn W.",9450 Lyndale Way,"Northfield, MN 55057",quinn.thornbury107@example.com,(952) 555-0107,4/22/2025,,,Active,Dorsey & Whitney LLP,Legal,Corporate,Paralegal,PLG-354,40.8,69000
41150,"Dunmore, Noel G.",7491 Minnehaha Blvd,"Hudson, WI 54016",noel.dunmore150@example.com,(715) 555-0150,3/28/2025,1/6/2026,Resigned,Terminated,Dorsey & Whitney LLP,Legal,Corporate,Junior Associate (Corporate Law),JRA-885,28.8,226500
41042,"Jessup, Finley G.",3449 Penn Ln,"Maple Grove, MN 55369",finley.jessup42@example.com,(651) 555-0142,9/13/2019,,,Active,Dorsey & Whitney LLP,Legal,Business Litigation,Senior Associate (Business Litigation),SRA-292,14.6,328000
41073,"Carrow, Indra B.",6034 France Blvd,"Faribault, MN 55021",indra.carrow73@example.com,(952) 555-0173,5/19/2025,,,Active,Dorsey & Whitney LLP,Legal,Corporate,Junior Associate (Corporate Law),JRA-440,50,218000
41129,"Quimby, Riley D.",3581 Wayzata Ln,"Edina, MN 55424",riley.quimby129@example.com,(651) 555-0129,1/10/2022,,,Active,Dorsey & Whitney LLP,Legal,Corporate,Legal Assistant,LAS-509,8.9,59000
41030,"Stanwick, Jordan N.",341 Lyndale St,"Minneapolis, MN 55405",jordan.stanwick30@example.com,(651) 555-0130,9/30/2019,,,Active,Dorsey & Whitney LLP,Legal,Business Litigation,Senior Associate (Business Litigation),SRA-314,4.7,324500
41002,"Oakley, Dakota C.",4586 Cedar St,"Minneapolis, MN 55414",dakota.oakley2@example.com,(651) 555-0102,1/20/2016,,,Active,Dorsey & Whitney LLP,Legal,Corporate,Partner,PTR-683,1.5,803000
41105,"Fairbanks, Remy S.",6334 Nicollet St,"Stillwater, MN 55082",remy.fairbanks105@example.com,(763) 555-0105,9/11/2017,,,Active,Dorsey & Whitney LLP,Legal,Business Litigation,Paralegal,PLG-386,26.1,76000
41124,"Northcott, Kendall T.",5635 Grand Blvd,"Maple Grove, MN 55369",kendall.northcott124@example.com,(651) 555-0124,7/27/2017,,,Active,Dorsey & Whitney LLP,Legal,Business Litigation,Legal Assistant,LAS-780,13.7,72000
41097,"Northcott, Oren H.",2160 Grand Ln,"Eden Prairie, MN 55344",oren.northcott97@example.com,(952) 555-0197,1/24/2026,,,Active,Dorsey & Whitney LLP,Legal,Business Litigation,Paralegal,PLG-445,15,74500
41117,"Halvorsen, Sawyer K.",1767 Lyndale Ct,"Lakeville, MN 55044",sawyer.halvorsen117@example.com,(612) 555-0117,10/5/2017,,,Active,Dorsey & Whitney LLP,Legal,Mergers & Acquisitions,Legal Assistant,LAS-810,24.1,71500
41149,"Halvorsen, Indra F.",5040 Excelsior Ct,"Elk River, MN 55330",indra.halvorsen149@example.com,(612) 555-0149,7/28/2024,,,Active,Dorsey & Whitney LLP,Business Services,Administration,"Administrative ",ADM-439,33.3,60000
41110,"Iverson, Drew C.",600 Como Way,"Lakeville, MN 55044",drew.iverson110@example.com,(763) 555-0110,9/20/2019,,,Active,Dorsey & Whitney LLP,Legal,Mergers & Acquisitions,Paralegal,PLG-425,23.6,81500
41051,"Iverson, Marlowe S.",8198 Valley View Ln,"Northfield, MN 55057",marlowe.iverson51@example.com,(952) 555-0151,1/25/2022,,,Active,Dorsey & Whitney LLP,Legal,Mergers & Acquisitions,Mid-Level Associate (M&A),MLA-182,40,248500
41045,"Nygaard, Avery K.",4406 Summit Ct,"Minneapolis, MN 55403",avery.nygaard45@example.com,(612) 555-0145,8/6/2020,,,Active,Dorsey & Whitney LLP,Legal,Business Litigation,Senior Associate (Business Litigation),SRA-498,0.7,300500
41176,"Halvorsen, Emerson R.",7912 Lake Way,"Stillwater, MN 55082",emerson.halvorsen176@example.com,(612) 555-0176,2/19/2014,12/8/2025,Another Job,Terminated,Dorsey & Whitney LLP,Legal,Business Litigation,Legal Assistant,LAS-368,24.2,65500
41001,"Holloway, Rowan B.",2722 Grand Ln,"Lakeville, MN 55044",rowan.holloway1@example.com,(612) 555-0101,6/27/2008,,,Active,Dorsey & Whitney LLP,Legal,Mergers & Acquisitions,Partner,PTR-630,23,656500
41038,"Northcott, Casey C.",5931 Hennepin Ct,"Plymouth, MN 55447",casey.northcott38@example.com,(763) 555-0138,2/14/2021,,,Active,Dorsey & Whitney LLP,Legal,Business Litigation,Senior Associate (Business Litigation),SRA-165,12.7,318500
41130,"Yardley, Harper E.",2312 Penn Ln,"Hudson, WI 54016",harper.yardley130@example.com,(715) 555-0130,12/14/2019,,,Active,Dorsey & Whitney LLP,Business Services,Information Services,Information Services,INS-703,28.4,96000
41108,"Dahlberg, Reese A.",7382 Grand Ln,"Red Wing, MN 55066",reese.dahlberg108@example.com,(952) 555-0108,4/13/2023,,,Active,Dorsey & Whitney LLP,Legal,Corporate,Paralegal,PLG-744,45.4,92000
41089,"Vance, Marlowe W.",8323 Summit Ave S,"Shakopee, MN 55379",marlowe.vance89@example.com,(952) 555-0189,9/20/2025,,,Active,Dorsey & Whitney LLP,Legal,Corporate,Junior Associate (Corporate Law),JRA-799,21.5,222500
41012,"Underhill, Hollis N.",3855 Minnehaha Ave S,"Minneapolis, MN 55403",hollis.underhill12@example.com,(651) 555-0112,3/26/2012,,,Active,Dorsey & Whitney LLP,Legal,Corporate,Partner,PTR-576,1.8,931500
41020,"Merriweather, Jules C.",1251 Como Ct,"Woodbury, MN 55125",jules.merriweather20@example.com,(612) 555-0120,8/19/2013,,,Active,Dorsey & Whitney LLP,Legal,Business Litigation,Partner,PTR-395,18.6,713500
41132,"Fairbanks, Peyton G.",7926 France Ln,"Woodbury, MN 55125",peyton.fairbanks132@example.com,(612) 555-0132,9/30/2017,,,Active,Dorsey & Whitney LLP,Business Services,Information Services,Information Services,INS-499,16.7,104500
41068,"Sorensen, Jordan R.",5370 France St,"St. Paul, MN 55105",jordan.sorensen68@example.com,(952) 555-0168,4/26/2026,,,Active,Dorsey & Whitney LLP,Legal,Corporate,Junior Associate (Corporate Law),JRA-262,7.4,210500
41009,"Sorensen, Parker K.",1427 Cedar St,"Bloomington, MN 55437",parker.sorensen9@example.com,(763) 555-0109,8/14/2014,,,Active,Dorsey & Whitney LLP,Legal,Mergers & Acquisitions,Partner,PTR-463,12.1,720000
41147,"Oakley, Logan D.",8652 Lyndale Way,"Faribault, MN 55021",logan.oakley147@example.com,(952) 555-0147,12/2/2013,,,Active,Dorsey & Whitney LLP,Business Services,Administration,"Administrative ",ADM-157,46.1,48500
41120,"Rutherford, Paxton N.",7037 Como Way,"Faribault, MN 55021",paxton.rutherford120@example.com,(763) 555-0120,9/19/2024,,,Active,Dorsey & Whitney LLP,Legal,Business Litigation,Legal Assistant,LAS-769,45.9,62500
41029,"Lockhart, Remy M.",2517 France Ave S,"Eden Prairie, MN 55344",remy.lockhart29@example.com,(612) 555-0129,10/17/2007,,,Active,Dorsey & Whitney LLP,Legal,Business Litigation,Partner,PTR-637,16.2,941000
41000,"Ashford, Casey A.",2770 Grand Way,"Minnetonka, MN 55305",casey.ashford0@example.com,(651) 555-0100,12/22/2010,,,Active,Dorsey & Whitney LLP,Legal,Business Litigation,Partner,PTR-308,12.5,781500
41037,"Dunmore, Tatum B.",2992 Penn Blvd,"Minneapolis, MN 55414",tatum.dunmore37@example.com,(651) 555-0137,12/7/2020,,,Active,Dorsey & Whitney LLP,Legal,Business Litigation,Senior Associate (Business Litigation),SRA-722,1.7,319500
41127,"Carrow, Marlowe B.",7426 Grand Ave S,"Blaine, MN 55449",marlowe.carrow127@example.com,(651) 555-0127,3/26/2021,,,Active,Dorsey & Whitney LLP,Legal,Business Litigation,Legal Assistant,LAS-604,17.3,58500
41140,"Lindqvist, Blake R.",9336 Excelsior Ct,"St. Cloud, MN 56301",blake.lindqvist140@example.com,(612) 555-0140,6/10/2014,,,Active,Dorsey & Whitney LLP,Business Services,Administration,"Administrative ",ADM-834,61.9,55500
41024,"Iverson, Emerson G.",5506 Grand Blvd,"Plymouth, MN 55447",emerson.iverson24@example.com,(952) 555-0124,11/28/2000,,,Active,Dorsey & Whitney LLP,Legal,Business Litigation,Partner,PTR-323,12.8,748500
41046,"Fairbanks, Taylor L.",9771 Hennepin Ln,"Hudson, WI 54016",taylor.fairbanks46@example.com,(715) 555-0146,8/19/2019,,,Active,Dorsey & Whitney LLP,Legal,Business Litigation,Senior Associate (Business Litigation),SRA-679,30.5,310000
41064,"Dunmore, Blake L.",6062 Minnehaha Ln,"Red Wing, MN 55066",blake.dunmore64@example.com,(952) 555-0164,12/13/2021,,,Active,Dorsey & Whitney LLP,Legal,Mergers & Acquisitions,Mid-Level Associate (M&A),MLA-289,43.5,252500
41028,"Ellison, Lane L.",7321 France Way,"Minneapolis, MN 55408",lane.ellison28@example.com,(952) 555-0128,7/24/2002,,,Active,Dorsey & Whitney LLP,Legal,Business Litigation,Partner,PTR-728,4.2,748500
41098,"Underhill, Wren J.",9141 Como Blvd,"Edina, MN 55424",wren.underhill98@example.com,(651) 555-0198,11/5/2025,,,Active,Dorsey & Whitney LLP,Legal,Corporate,Paralegal,PLG-323,7.9,68500
41135,"Dahlberg, Oren K.",7650 Lyndale Blvd,"Roseville, MN 55113",oren.dahlberg135@example.com,(612) 555-0135,2/16/2017,,,Active,Dorsey & Whitney LLP,Business Services,Information Services,Information Services,INS-781,7.1,123500
41008,"Almquist, Taylor J.",9520 Wayzata Ct,"Stillwater, MN 55082",taylor.almquist8@example.com,(763) 555-0108,1/22/2015,,,Active,Dorsey & Whitney LLP,Legal,Business Litigation,Partner,PTR-217,26,703000
41082,"Ellison, Paxton L.",6873 France Blvd,"Roseville, MN 55113",paxton.ellison82@example.com,(763) 555-0182,10/27/2025,,,Active,Dorsey & Whitney LLP,Legal,Corporate,Junior Associate (Corporate Law),JRA-424,7.6,211500
41056,"Lockhart, Peyton C.",3625 Hennepin Ct,"St. Paul, MN 55105",peyton.lockhart56@example.com,(952) 555-0156,1/30/2022,,,Active,Dorsey & Whitney LLP,Legal,Mergers & Acquisitions,Mid-Level Associate (M&A),MLA-519,8.1,262500
41146,"Holloway, Reese C.",147 Minnehaha St,"Edina, MN 55424",reese.holloway146@example.com,(651) 555-0146,8/28/2019,,,Active,Dorsey & Whitney LLP,Business Services,Administration,"Administrative ",ADM-379,8.3,48500
41142,"Lockhart, Lane T.",6860 Penn Ct,"St. Cloud, MN 56301",lane.lockhart142@example.com,(651) 555-0142,1/2/2016,,,Active,Dorsey & Whitney LLP,Business Services,Administration,"Administrative ",ADM-717,62.9,50500
41136,"Bellamy, Wren L.",9288 Hennepin Ct,"Maple Grove, MN 55369",wren.bellamy136@example.com,(651) 555-0136,6/1/2019,,,Active,Dorsey & Whitney LLP,Business Services,Information Services,Information Services,INS-440,14.6,97500
41109,"Bellamy, Logan B.",8256 Summit Blvd,"Minnetonka, MN 55305",logan.bellamy109@example.com,(952) 555-0109,9/12/2025,,,Active,Dorsey & Whitney LLP,Legal,Business Litigation,Paralegal,PLG-521,10.3,87500
41137,"Iverson, Morgan M.",8413 Grand Ln,"Roseville, MN 55113",morgan.iverson137@example.com,(763) 555-0137,3/27/2017,,,Active,Dorsey & Whitney LLP,Business Services,Information Services,Information Services,INS-582,10.7,111500
41088,"Oakley, Hollis T.",1736 Penn Ave S,"Stillwater, MN 55082",hollis.oakley88@example.com,(651) 555-0188,8/3/2025,,,Active,Dorsey & Whitney LLP,Legal,Corporate,Junior Associate (Corporate Law),JRA-267,25.7,228500