"Candidate (Last, Suffix First MI)",Source Job,Opportunity Title,Source Job Code,Department Name,Email Address,Primary Phone,Address 1,City,State/Province Code,Zip/Postal Code,Distance (Miles)
"Northcott, Quinn D.",Junior Associate (Corporate Law),,DW-JRA-26412,Corporate,quinn.northcott183@example.com,(952) 555-0183,4734 Como Way,Bloomington,MN,55437,12
"Underhill, Reese E.",Junior Associate (Corporate Law),,DW-JRA-26412,Corporate,reese.underhill184@example.com,(612) 555-0184,5896 Summit Way,Stillwater,MN,55082,25.3
"Engstrom, Logan F.",Junior Associate (Corporate Law),,DW-JRA-26412,Corporate,logan.engstrom185@example.com,(952) 555-0185,2802 Hennepin Ave S,Minneapolis,MN,55414,2
"Carrow, Drew G.",Junior Associate (Corporate Law),,DW-JRA-26412,Corporate,drew.carrow186@example.com,(952) 555-0186,2306 Penn Blvd,Minneapolis,MN,55405,0.7
"Jessup, Indra H.",Junior Associate (Corporate Law),,DW-JRA-26412,Corporate,indra.jessup187@example.com,(651) 555-0187,5530 Nicollet St,St. Paul,MN,55105,9.2
"Quimby, Noel J.",Junior Associate (Corporate Law),,DW-JRA-26412,Corporate,noel.quimby188@example.com,(612) 555-0188,3772 Como Ln,Blaine,MN,55449,17.3
"Yardley, Tatum K.",Junior Associate (Corporate Law),,DW-JRA-26412,Corporate,tatum.yardley189@example.com,(952) 555-0189,1039 Lake Ct,Minnetonka,MN,55305,11.5
"Bellamy, Casey L.",Junior Associate (Corporate Law),,DW-JRA-26412,Corporate,casey.bellamy190@example.com,(612) 555-0190,2587 Cedar Ave S,Woodbury,MN,55125,18.4
"Iverson, Rowan M.",Mid-Level Associate (M&A),,DW-MLA-26413,Mergers & Acquisitions,rowan.iverson191@example.com,(651) 555-0191,8300 Excelsior Way,Stillwater,MN,55082,23.1
"Pembrook, Dakota N.",Mid-Level Associate (M&A),,DW-MLA-26413,Mergers & Acquisitions,dakota.pembrook192@example.com,(612) 555-0192,,St. Cloud,MN,56301,
"Whitlock, Sawyer P.",Mid-Level Associate (M&A),,DW-MLA-26413,Mergers & Acquisitions,sawyer.whitlock193@example.com,(763) 555-0193,3549 Como Ct,Northfield,MN,55057,41.5
"Lindqvist, Finley R.",Mid-Level Associate (M&A),,DW-MLA-26413,Mergers & Acquisitions,finley.lindqvist194@example.com,(952) 555-0194,5850 Valley View Ave S,Woodbury,MN,55125,16.9
"Ellison, Kai S.",Mid-Level Associate (M&A),,DW-MLA-26413,Mergers & Acquisitions,kai.ellison195@example.com,(612) 555-0195,7696 Lake Blvd,Minneapolis,MN,55408,3
"Lockhart, Paxton T.",Senior Associate (Business Litigation),,DW-SRA-26414,Business Litigation,paxton.lockhart196@example.com,(715) 555-0196,4342 Minnehaha Ln,Hudson,WI,54016,28.5
"Stanwick, Avery W.",Senior Associate (Business Litigation),,DW-SRA-26414,Business Litigation,avery.stanwick197@example.com,(612) 555-0197,3332 France Blvd,Bloomington,MN,55437,11.7
"Bergstrom, Taylor A.",Senior Associate (Business Litigation),,DW-SRA-26414,Business Litigation,taylor.bergstrom198@example.com,(763) 555-0198,8239 Cedar Way,Northfield,MN,55057,41.8
"Ashford, Parker B.",Partner,,DW-PTR-26415,Corporate,parker.ashford199@example.com,(715) 555-0199,9768 Como Way,Hudson,WI,54016,28.8
"Holloway, Kendall C.",Partner,,DW-PTR-26415,Corporate,kendall.holloway200@example.com,(612) 555-0100,4645 Nicollet St,Plymouth,MN,55447,14.6
"Oakley, Cameron D.",Summer Associate/Intern.,,DW-SUM-26416,Legal Recruiting,cameron.oakley201@example.com,(952) 555-0101,3639 Excelsior Ct,Maple Grove,MN,55369,16.7
"Vance, Hollis E.",Summer Associate/Intern.,,DW-SUM-26416,Legal Recruiting,hollis.vance202@example.com,(612) 555-0102,5798 Cedar Ct,Woodbury,MN,55125,18.2
"Halvorsen, Marlowe F.",Summer Associate/Intern.,,DW-SUM-26416,Legal Recruiting,marlowe.halvorsen203@example.com,(612) 555-0103,2978 Nicollet Ct,Lakeville,MN,55044,26.5
"Dunmore, Sloane G.",Summer Associate/Intern.,,DW-SUM-26416,Legal Recruiting,sloane.dunmore204@example.com,(651) 555-0104,175 France Way,Minneapolis,MN,55405,2.6
"Kingsley, Riley H.",Summer Associate/Intern.,,DW-SUM-26416,Legal Recruiting,riley.kingsley205@example.com,(715) 555-0105,5982 Hennepin Blvd,Hudson,WI,54016,29.3
"Rutherford, Harper J.",Summer Associate/Intern.,,DW-SUM-26416,Legal Recruiting,harper.rutherford206@example.com,(952) 555-0106,170 Penn Blvd,Minneapolis,MN,55403,0.7
"Almquist, Skyler K.",Paralegal,,DW-PLG-26417,Mergers & Acquisitions,skyler.almquist207@example.com,(763) 555-0107,2624 Nicollet Way,Woodbury,MN,55125,18.1
"Sorensen, Peyton L.",Paralegal,,DW-PLG-26417,Mergers & Acquisitions,peyton.sorensen208@example.com,(763) 555-0108,3865 Como Ln,Lakeville,MN,55044,25.2
"Garrity, Elliot M.",Paralegal,,DW-PLG-26417,Mergers & Acquisitions,elliot.garrity209@example.com,(612) 555-0109,5974 Como Blvd,Plymouth,MN,55447,12.5
"Northcott, Jules N.",Paralegal,,DW-PLG-26417,Mergers & Acquisitions,jules.northcott210@example.com,(763) 555-0110,,Maple Grove,MN,55369,
"Underhill, Oren P.",Paralegal,,DW-PLG-26417,Mergers & Acquisitions,oren.underhill211@example.com,(651) 555-0111,7829 Hennepin Ave S,Minneapolis,MN,55414,1.4
"Engstrom, Wren R.",Legal Assistant,,DW-LAS-26418,Mergers & Acquisitions,wren.engstrom212@example.com,(763) 555-0112,2113 Grand St,Maple Grove,MN,55369,15.5
"Carrow, Morgan S.",Legal Assistant,,DW-LAS-26418,Mergers & Acquisitions,morgan.carrow213@example.com,(952) 555-0113,6383 Cedar Ct,Stillwater,MN,55082,24.2
"Jessup, Emerson T.",Legal Assistant,,DW-LAS-26418,Mergers & Acquisitions,emerson.jessup214@example.com,(651) 555-0114,3907 Como Ln,Blaine,MN,55449,18.6
"Quimby, Hayden W.",Legal Assistant,,DW-LAS-26418,Mergers & Acquisitions,hayden.quimby215@example.com,(612) 555-0115,4969 Minnehaha St,St. Cloud,MN,56301,59.4
"Yardley, Blake A.",Legal Assistant,,DW-LAS-26418,Mergers & Acquisitions,blake.yardley216@example.com,(612) 555-0116,9683 Como St,St. Paul,MN,55105,9.2
"Nygaard, Greer B.",Information Services,,DW-INS-26419,Information Services,greer.nygaard217@example.com,(651) 555-0117,2622 Cedar Ave S,Minneapolis,MN,55414,1.7
"Fairbanks, Lane C.",Information Services,,DW-INS-26419,Information Services,lane.fairbanks218@example.com,(952) 555-0118,4449 Wayzata Ct,Lakeville,MN,55044,23.2
"Merriweather, Remy D.",Information Services,,DW-INS-26419,Information Services,remy.merriweather219@example.com,(763) 555-0119,8787 Hennepin Blvd,Maple Grove,MN,55369,17.1
"Thornbury, Jordan E.","Administrative ",,DW-ADM-26420,Administration,jordan.thornbury220@example.com,(651) 555-0120,4641 Como Ln,Edina,MN,55424,9.1
"Dahlberg, Quinn F.","Administrative ",,DW-ADM-26420,Administration,quinn.dahlberg221@example.com,(763) 555-0121,2888 Lake Ln,Lakeville,MN,55044,26.4
"Bellamy, Reese G.","Administrative ",,DW-ADM-26420,Administration,reese.bellamy222@example.com,(715) 555-0122,6717 Penn St,Hudson,WI,54016,31.3
"Jessup, Indra H.",Mid-Level Associate (M&A),,DW-MLA-26413,Mergers & Acquisitions,indra.jessup187@example.com,(651) 555-0187,5530 Nicollet St,St. Paul,MN,55105,9.2